id;nom;nom_officiel;type;statut;commune;adresse;telephone;email;site_web;formation;filiere;diplomes;date_creation;description;capacite;photo;source;latitude;longitude;createdAt;updatedAt;createdBy;updatedBy;dataStatus;isDeleted
"1";"AMRA (Académie des Métiers de la Restauration et de l’Agroalimentaire)";"AMRA (Académie des Métiers de la Restauration et de l’Agroalimentaire)";"1";"1";"BAMBILOR";"";"765832727";"amra.academie@gmail.com";"Pas encore disponible";"1";"Service restaurant, Hygiène et sécurité, Agroalimentaire, Patisserie, Cuisine, Nutrition";"CAP ; BEP ; CPS ; Attestation";"";"";"";"DCIM/JPEG_20260203094118159.jpg";"Fusion_final";"14.795284458773649";"-17.194993365231273";"2026-09-05T12:00:38.679Z";"2026-09-05T12:00:38.679Z";"geomatquecedt@gmail.com";"geomatquecedt@gmail.com";"publie";"false"
"10";"Institut Africain de Commerce et de marketing";"Institut Africain de Commerce et de marketing";"1";"1";"PIKINE OUEST";"";"338786698";"mama12diop@gmail.com";"files/20260114114716031_image_0001.jpg";"1";"Comptabilité-finance ; marketing-management-communication ; gestion et administration des entreprises ; banque-assurance-finance ; commerce international-transit ; transport-logistique ; gestion des ressources humaines ; comptabilité-gestion ; marketing et actions commerciales ; informatique de gestion ; TIC";"Bts ; BT ; BEP ; CAP";"1999-07-29";"Institut Africain de Commerce et de Marketing (IACOM), établissement privé d’enseignement supérieur agréé par l’État du Sénégal.";"";"DCIM/JPEG_20260114114842151.jpg";"Fusion_final";"14.747750458758508";"-17.40409473988334";"2026-09-05T12:00:38.679Z";"2026-09-05T12:00:38.679Z";"geomatquecedt@gmail.com";"geomatquecedt@gmail.com";"publie";"false"
"100";"ISI keur massar";"ISI keur massar";"";"1";"KEUR MASSAR";"";"338784349";"isikeurmawsar@groupeisi.com";"https://www.isisuptech.com/";"Formations supérieures en informatique et gestion";"Réseau informatique, cyber sécurité, infographie multimédia, marketing et communication, génie logiciel ...";"BT ; Licence ; Licence professionnelle ; Master professionnel";"";"";"";"";"Fusion_final";"14.800831711373448";"-17.324485308557357";"2026-09-05T12:00:38.679Z";"2026-09-05T12:00:38.679Z";"geomatquecedt@gmail.com";"geomatquecedt@gmail.com";"publie";"false"
"101";"Elite business group";"Elite business group";"";"";"KEUR MASSAR";"";"773551056";"ebsgroupekeurmassar@gmail.com";"";"";"Informations (maintenant informatique,génie informatique) architecture de bâtiment ( dessin de plan , électrotechnique,génie civil) Santè(( délégué médicale, vendeur en pharmacie, secrétaire médicale)...";"Bts ; Cap ; Dts ; Licence professionnelle ; Master";"";"";"";"";"Fusion_final";"14.79393773095183";"-17.298303852223032";"2026-09-05T12:00:38.679Z";"2026-09-05T12:00:38.679Z";"geomatquecedt@gmail.com";"geomatquecedt@gmail.com";"publie";"false"
"104";"Groupe EDICOM SN";"Groupe EDICOM SN";"";"";"RUFISQUE OUEST";"";"";"";"";"";"";"";"2000-01-03";"";"";"";"Fusion_final";"14.727175327236909";"-17.283534263013777";"2026-09-05T12:00:38.679Z";"2026-09-05T12:00:38.679Z";"geomatquecedt@gmail.com";"geomatquecedt@gmail.com";"publie";"false"
"11";"Institut Supérieur d’Entrepreneurship et de Gestion (ISEG)";"Institut Supérieur d’Entrepreneurship et de Gestion (ISEG)";"";"1";"PIKINE OUEST";"";"773655178";"combaye81@gmail.com";"";"";"Comptabilité et finances";"Licence professionnelle ; Master";"2026-01-14";"";"";"DCIM/JPEG_20260114145447984.jpg";"Fusion_final";"14.748006072170176";"-17.399508134836896";"2026-09-05T12:00:38.679Z";"2026-09-05T12:00:38.679Z";"geomatquecedt@gmail.com";"geomatquecedt@gmail.com";"publie";"false"
"112";"Dakar institut of technologie";"Dakar institut of technologie";"1";"1";"MERMOZ-SACRE COEUR";"";"773089292";"Info@dit.sn";"Www.dit.sn";"1";"";"Licence ; Master";"";"";"";"DCIM/centre_20260127111835296.jpg";"Fusion_final";"14.710724263888352";"-17.4663209430513";"2026-09-05T12:00:38.679Z";"2026-09-05T12:00:38.679Z";"geomatquecedt@gmail.com";"geomatquecedt@gmail.com";"publie";"false"
"113";"Unipro";"Unipro";"1";"1";"MERMOZ-SACRE COEUR";"";"338252378";"uniprocomsn@gmail.com";"www.universprofessionnel.com";"1";"Commerce international , transport et logistique , comptabilité et gestion , Banquet finance et assurance";"BTS ; Licence ; Master";"";"";"";"DCIM/centre_20260127123924224.jpg";"Fusion_final";"14.707244487002338";"-17.473150275302043";"2026-09-05T12:00:38.679Z";"2026-09-05T12:00:38.679Z";"geomatquecedt@gmail.com";"geomatquecedt@gmail.com";"publie";"false"
"114";"IPJI (Institut des Professions Juriduques et Immobilieres)";"IPJI (Institut des Professions Juriduques et Immobilieres)";"1";"1";"MERMOZ-SACRE COEUR";"";"338259271";"acueille@ipji-senegal.com";"Www.ipji-Sénégal.com";"1 ; CPS AI ( consierge d’immeuble), CPS ( agency immeubiliere)";"Droit immobilier , Droit notariale, Carrier judiciaire";"BTS ; Licence ; Master ; CPS";"";"";"";"DCIM/centre_20260127131920300.jpg";"Fusion_final";"14.704986306820677";"-17.474034036964905";"2026-09-05T12:00:38.679Z";"2026-09-05T12:00:38.679Z";"geomatquecedt@gmail.com";"geomatquecedt@gmail.com";"publie";"false"
"115";"Sonatel académie Center";"Sonatel académie Center";"";"";"";"";"+221 33 839 21 00";"orangedigitalcenter@orange-sonatel.com";"https://orangedigitalcenter.sn/";"Formations gratuites aux compétences numériques et accompagnement des startups";"Métiers du numérique ; développement ; cloud ; DevOps ; transformation digitale ; gestion de projets numériques";"";"";"";"";"DCIM/centre_20260203095616433.jpg";"Fusion_final";"14.703364474194434";"-17.468998092879353";"2026-09-05T12:00:38.679Z";"2026-09-05T12:00:38.679Z";"geomatquecedt@gmail.com";"geomatquecedt@gmail.com";"publie";"false"
"118";"SAMA CHEF";"SAMA CHEF";"1";"1";"MERMOZ-SACRE COEUR";"";"338565909";"contact@samachef.com";"WWW.samachef.com";"1";"Cuisine et Patisserie";"CPS ; CAP ; BEP ; BT";"";"";"";"DCIM/centre_20260203102750659.jpg";"Fusion_final";"14.70132947838668";"-17.46953434664897";"2026-09-05T12:00:38.679Z";"2026-09-05T12:00:38.679Z";"geomatquecedt@gmail.com";"geomatquecedt@gmail.com";"publie";"false"
"119";"IAM";"IAM";"";"";"";"";"+221 77 698 39 66 / +221 33 869 36 36";"info@groupeiam.com";"https://groupeiam.com/";"Licence ; Master ; MBA / Executive";"Business administration ; droit des affaires ; informatique de gestion ; marketing et intelligence d'affaires ; banque et ingénierie financière ; management de la qualité ; management du capital humain ; gestion des ressources humaines ; management de projets ; finance";"Licence ; Master ; MBA";"1996";"";"";"DCIM/centre_20260203104448225.jpg";"Fusion_final";"14.70502186460913";"-17.473153169413052";"2026-09-05T12:00:38.679Z";"2026-09-05T12:00:38.679Z";"geomatquecedt@gmail.com";"geomatquecedt@gmail.com";"publie";"false"
"12";"Centre de formation professionnelle et technique en hôtellerie et restauration (la Source)";"Centre de formation professionnelle et technique en hôtellerie et restauration (la Source)";"1";"1";"PIKINE OUEST";"";"774447770";"cfptlasource@gmail.com";"";"1";"Restauration,couture,Informatique et Infographie";"CAP ; BT ; BEP ; BTS ; CPS";"";"";"";"DCIM/JPEG_20260114145301429.jpg";"Fusion_final";"14.748111701247677";"-17.39926673221883";"2026-09-05T12:00:38.679Z";"2026-09-05T12:00:38.679Z";"geomatquecedt@gmail.com";"geomatquecedt@gmail.com";"publie";"false"
"120";"UniversSanté";"UniversSanté";"1";"1";"MERMOZ-SACRE COEUR";"";"338644185";"Universante.sn@gmail.com";"Www.Universsante.sn";"1";"Infirmier d’état,Sage femme d’état,Assistant infirmier";"BTS ; Attestation";"";"";"";"DCIM/centre_20260203115950474.jpg";"Fusion_final";"14.703198155953732";"-17.46388882260481";"2026-09-05T12:00:38.679Z";"2026-09-05T12:00:38.679Z";"geomatquecedt@gmail.com";"geomatquecedt@gmail.com";"publie";"false"
"121";"Batisup";"Batisup";"";"1";"";"";"";"";"";"";"";"";"";"";"";"";"Fusion_final";"14.70408487462239";"-17.463169680992443";"2026-09-05T12:00:38.679Z";"2026-09-05T12:00:38.679Z";"geomatquecedt@gmail.com";"geomatquecedt@gmail.com";"publie";"false"
"122";"Bioforce";"Bioforce";"";"";"";"";"+221 33 824 33 17 / +221 77 767 75 80";"";"https://www.bioforce.org/";"Formations métiers certifiantes ; formations courtes continues dans le secteur humanitaire";"";"";"";"Centre de formation Afrique de Bioforce à Dakar, ouvert depuis 2017 et dédié aux métiers de l'humanitaire.";"";"";"Fusion_final";"14.702666475443731";"-17.460566163937106";"2026-09-05T12:00:38.679Z";"2026-09-05T12:00:38.679Z";"geomatquecedt@gmail.com";"geomatquecedt@gmail.com";"publie";"false"
"123";"OO2 Formations Sénégal";"OO2 Formations Sénégal";"";"";"";"";"";"";"";"";"";"";"";"";"";"";"Fusion_final";"14.700968000538273";"-17.46029652269209";"2026-09-05T12:00:38.679Z";"2026-09-05T12:00:38.679Z";"geomatquecedt@gmail.com";"geomatquecedt@gmail.com";"publie";"false"
"124";"GOMYCODE";"GOMYCODE";"";"";"";"";"";"";"";"";"";"";"";"";"";"";"Fusion_final";"14.696923723514901";"-17.456928363320415";"2026-09-05T12:00:38.679Z";"2026-09-05T12:00:38.679Z";"geomatquecedt@gmail.com";"geomatquecedt@gmail.com";"publie";"false"
"125";"Institut Supérieur de Finance";"Institut Supérieur de Finance";"";"";"";"";"+221 77 567 57 99";"isf.senegal@isfdakar.com";"https://www.isfdakar.com/";"Licence ; Master ; formations spécialisées en finance";"Finance-comptabilité ; finances et comptabilité publiques ; banque-finance-assurance ; méthodes quantitatives ; ingénierie financière ; analyse financière ; fiscalité ; finance durable ; FinTech ; actuariat";"Licence ; Master";"";"";"";"";"Fusion_final";"14.695999126459098";"-17.456257861756832";"2026-09-05T12:00:38.679Z";"2026-09-05T12:00:38.679Z";"geomatquecedt@gmail.com";"geomatquecedt@gmail.com";"publie";"false"
"126";"ESEBAT";"ESEBAT";"";"";"";"";"";"";"";"";"";"";"";"";"";"";"Fusion_final";"14.693542513054515";"-17.45623387998624";"2026-09-05T12:00:38.679Z";"2026-09-05T12:00:38.679Z";"geomatquecedt@gmail.com";"geomatquecedt@gmail.com";"publie";"false"
"128";"ESCOA";"ESCOA";"";"";"";"";"";"";"";"";"";"";"";"";"";"";"Fusion_final";"14.693591670882443";"-17.462354477057037";"2026-09-05T12:00:38.679Z";"2026-09-05T12:00:38.679Z";"geomatquecedt@gmail.com";"geomatquecedt@gmail.com";"publie";"false"
"129";"INSTITUT DES LANGUES ÉTRANGÈRES APPLIQUÉES";"INSTITUT DES LANGUES ÉTRANGÈRES APPLIQUÉES";"";"2";"FANN POINT E AMITIE";"";"338645070";"ilea@ucad.edu.sn";"";"";"LICENCE PRO:Langue et affaires internationales, Langue et communication, Langue et métiers du numérique, Langue et tourisme, Langue chinois et affaires internationales; MASTER PRO: Master de langue et tourisme, Master en traduction et en interprétatio";"CERTIFICATION EN LANGUES(CL) ; DIPLOMES DE TECHNICIENS SUPÉRIEURS ; LICENCE ; MASTER";"";"";"";"DCIM/JPEG_20260204143331798.jpg";"Fusion_final";"14.690187633333332";"-17.460820533333333";"2026-09-05T12:00:38.679Z";"2026-09-05T12:00:38.679Z";"geomatquecedt@gmail.com";"geomatquecedt@gmail.com";"publie";"false"
"13";"NAD Beauty";"NAD Beauty";"";"";"";"";"";"";"";"";"";"";"";"";"";"";"Fusion_final";"14.704256464755597";"-17.44729669393486";"2026-09-05T12:00:38.679Z";"2026-09-05T12:00:38.679Z";"geomatquecedt@gmail.com";"geomatquecedt@gmail.com";"publie";"false"
"130";"Centre d'Etudes des Sciences et Techniques de l'Information (CESTI)";"Centre d'Etudes des Sciences et Techniques de l'Information (CESTI)";"";"2";"FANN POINT E AMITIE";"";"338246875";"cesti@ucad.edu.sn";"";"";"Diplôme spécialisé en journalisme et communication (DSJC), Master en médias et communication";"Diplôme spécialisé en journalisme et communication (DSJC); Master en médias et communication";"";"";"";"";"Fusion_final";"14.689189683333327";"-17.461208666666668";"2026-09-05T12:00:38.679Z";"2026-09-05T12:00:38.679Z";"geomatquecedt@gmail.com";"geomatquecedt@gmail.com";"publie";"false"
"131";"ECOLE SUPÉRIEURE POLYTECHNIQUE (ESP)";"ECOLE SUPÉRIEURE POLYTECHNIQUE (ESP)";"";"2";"FANN POINT E AMITIE";"";"338240540";"esp@esp.sn";"";"";"Génie chimique et Biologie appliquée ; Génie Civil; Génie Électrique; Génie Informatique, Génie mécanique ; Gestion";"Diplôme Supérieur de Technologie ( DST), ; Diplôme Universitaire de Technologie ( DUT) ; Licence, Master ; Diplôme d'Ingénieur Technologique (DIT) ; Diplôme d'Ingénieur de Conception ( DIC),";"";"";"";"DCIM/JPEG_20260204114217710.jpg";"Fusion_final";"14.682508966666663";"-17.466609033333334";"2026-09-05T12:00:38.679Z";"2026-09-05T12:00:38.679Z";"geomatquecedt@gmail.com";"geomatquecedt@gmail.com";"publie";"false"
"132";"ECOLE NORMALE SUPÉRIEURE D'ENSEIGNEMENT TECHNIQUE ET PROFESSIONNELLES ( ENSEPT)";"ECOLE NORMALE SUPÉRIEURE D'ENSEIGNEMENT TECHNIQUE ET PROFESSIONNELLES ( ENSEPT)";"";"2";"FANN POINT E AMITIE";"";"338217669";"ensept@ucad.edu.sn";"https://ensetp.ucad.sn/";"Formation de formateurs de l'enseignement technique et de la formation professionnelle ; psychologues-conseillers ; cadres de contrôle et d'encadrement";"ÉCONOMIE FAMILIALE :  Formation en Métiers de la Restauration, Formation Licence en nutrition humaine et diététique, Formation en Éducation et promotion santé, Formation en Technologies des métiers de l'habillement. FORMATION PSYCHOLOGUE CONSEILLE";"CAEMPT_Certificat d'aptitude à l'enseignement Moyen et Professionnel Technique ; CAIS__Certificat d'aptitude au fonctions d'inspecteur de spécialité ; CAESTP_Certificat d'aptitude à l'enseignement Secondaire Technique ; Licence Professionnelle ; Master";"PyQt6.QtCore.QDate(2026, 2, 4)";"Établissement public de l'Université Cheikh Anta Diop de Dakar ayant rang de faculté.";"";"DCIM/JPEG_20260204121630952.jpg";"Fusion_final";"14.678123466666671";"-17.46620963333334";"2026-09-05T12:00:38.679Z";"2026-09-05T12:00:38.679Z";"geomatquecedt@gmail.com";"geomatquecedt@gmail.com";"publie";"false"
"133";"ECOLE DE BIBLIOTHÉCAIRE ARCHIVISTES ET DOCUMENTALISTE";"ECOLE DE BIBLIOTHÉCAIRE ARCHIVISTES ET DOCUMENTALISTE";"";"2";"FANN POINT E AMITIE";"";"338257660";"ebad@ucad.edu.sn";"https://ebad.ucad.sn/";"Licence ; Master ; Doctorat ; e-learning ; formations à la carte";"Licence :Archives, bibliothèque, documentation; Master: Ingégnerie documentaire, Technologie de l'information; Valorisation du patrimoine documentaire,";"Licence ; Master ; Doctorat";"PyQt6.QtCore.QDate(2026, 2, 4)";"";"";"DCIM/JPEG_20260204155925938.jpg";"Fusion_final";"14.6864513";"-17.46222776666667";"2026-09-05T12:00:38.679Z";"2026-09-05T12:00:38.679Z";"geomatquecedt@gmail.com";"geomatquecedt@gmail.com";"publie";"false"
"134";"ISAE(INSTITUT SUPÉRIEUR D'AGRICULTURE ET ENTREPRENARIAT)";"ISAE(INSTITUT SUPÉRIEUR D'AGRICULTURE ET ENTREPRENARIAT)";"";"2";"FANN POINT E AMITIE";"";"774160658";"isae@ucad.edu.sn";"";"";"";"Attestation";"PyQt6.QtCore.QDate(2016, 3, 9)";"";"";"DCIM/JPEG_20260204164843796.jpg";"Fusion_final";"14.684617";"-17.46471";"2026-09-05T12:00:38.679Z";"2026-09-05T12:00:38.679Z";"geomatquecedt@gmail.com";"geomatquecedt@gmail.com";"publie";"false"
"135";"Institut supérieur de l'environnement";"Institut supérieur de l'environnement";"";"2";"FANN POINT E AMITIE";"";"771851981";"ise.fst@ucad.edu.sn";"";"";"Licence Professionnelle Sciences de l'Environnement(LPE); Master Sciences de l'Environnement (ENVI); Master Gestion des Ressources Naturelles et Développement Durable (GERENAD); Master Responsabilité Sociale et Environnemental (RSE); Master Environneme";"Licence ; Master";"";"";"";"DCIM/JPEG_20260204164622274.jpg";"Fusion_final";"14.6841212";"-17.4645736";"2026-09-05T12:00:38.679Z";"2026-09-05T12:00:38.679Z";"geomatquecedt@gmail.com";"geomatquecedt@gmail.com";"publie";"false"
"136";"ECOLE NATIONALE SUPÉRIEURE DES MINES ET DE LA GEOLOGIE ex IST";"ECOLE NATIONALE SUPÉRIEURE DES MINES ET DE LA GEOLOGIE ex IST";"";"2";"FANN POINT E AMITIE";"";"777454213";"Secrétariat.ist(at)ucad.edu.sn";"";"";"Licence Professionnelle Géotechnique Géominier; Ingénieur Géologue ; Master Géotechnique";"Diplôme d'ingénieur";"";"";"";"DCIM/JPEG_20260204174745263.jpg";"Fusion_final";"14.689314566666663";"-17.4604975";"2026-09-05T12:00:38.679Z";"2026-09-05T12:00:38.679Z";"geomatquecedt@gmail.com";"geomatquecedt@gmail.com";"publie";"false"
"137";"Institut de Formation en Administration et Création D'ENTREPRISE";"Institut de Formation en Administration et Création D'ENTREPRISE";"";"3";"FANN POINT E AMITIE";"";"338248016";"iface@ucad.edu.sn";"";"";"Diplôme Universitaire de Gestion ( cours du jour); Licence Professionnelle en Science de Gestion (LPSG); Master Professionnelle en Sciences de Gestion (LPSG)";"Diplôme ; Attestation";"PyQt6.QtCore.QDate(2026, 2, 5)";"";"";"DCIM/JPEG_20260204175845348.jpg";"Fusion_final";"14.6900454";"-17.460110916666668";"2026-09-05T12:00:38.679Z";"2026-09-05T12:00:38.679Z";"geomatquecedt@gmail.com";"geomatquecedt@gmail.com";"publie";"false"
"138";"CFPT Sénégal Japon";"";"";"";"";"";"";"";"";"";"";"";"";"";"";"";"Fusion_final";"14.742074552293474";"-17.46988289522711";"2026-09-05T12:00:38.679Z";"2026-09-05T12:00:38.679Z";"geomatquecedt@gmail.com";"geomatquecedt@gmail.com";"publie";"false"
"139";"Cfp dakar";"Cfp dakar";"";"2";"GRAND YOFF";"";"770926721";"cretfdakar24@gmail.com";"";"";"";"";"";"";"";"";"Fusion_final";"14.7382314687072";"-17.45715558004693";"2026-09-05T12:00:38.679Z";"2026-09-05T12:00:38.679Z";"geomatquecedt@gmail.com";"geomatquecedt@gmail.com";"publie";"false"
"14";"Institut de Management et de technologie (IMTECH Nelson MANDELA)";"Institut de Management et de technologie (IMTECH Nelson MANDELA)";"";"1";"BISCUITERIE";"";"338255821";"Info@imtech-nelsonmandela.com";"files/20260204111319926_image_0001.jpg";"Droit-économie-gestion ; sciences et technologies ; certifications Cisco et Linux";"Gestion ; banque & finance ; droit public & privé ; technologies de l'informatique ; électromécanique ; biotechnologies";"";"2026-02-04";"";"";"";"Fusion_final";"14.720285863273752";"-17.448206793536915";"2026-09-05T12:00:38.679Z";"2026-09-05T12:00:38.679Z";"geomatquecedt@gmail.com";"geomatquecedt@gmail.com";"publie";"false"
"140";"IFAMS";"IFAMS";"";"";"";"";"";"";"";"";"";"";"";"";"";"";"Fusion_final";"14.742760696319648";"-17.460481248717382";"2026-09-05T12:00:38.679Z";"2026-09-05T12:00:38.679Z";"geomatquecedt@gmail.com";"geomatquecedt@gmail.com";"publie";"false"
"141";"Centre de formation en couture";"Centre de formation en couture";"";"";"";"";"";"";"";"";"";"";"";"";"";"";"Fusion_final";"14.733527074395607";"-17.455292224725262";"2026-09-05T12:00:38.679Z";"2026-09-05T12:00:38.679Z";"geomatquecedt@gmail.com";"geomatquecedt@gmail.com";"publie";"false"
"142";"Abx centre de formation professionnelle et technique";"Abx centre de formation professionnelle et technique";"";"";"";"";"";"";"";"";"";"";"";"";"";"";"Fusion_final";"14.72720789905197";"-17.444679898703207";"2026-09-05T12:00:38.679Z";"2026-09-05T12:00:38.679Z";"geomatquecedt@gmail.com";"geomatquecedt@gmail.com";"publie";"false"
"143";"ASSAPE-CEPPE PROJET";"ASSAPE-CEPPE PROJET";"1";"1";"GRAND YOFF";"";"786061010";"";"";"1";"";"CAP ; BT ; BEP ; CPS";"";"";"";"";"Fusion_final";"14.728332532349702";"-17.445175145783068";"2026-09-05T12:00:38.679Z";"2026-09-05T12:00:38.679Z";"geomatquecedt@gmail.com";"geomatquecedt@gmail.com";"publie";"false"
"145";"Assafin";"Assafin";"";"";"";"";"";"";"";"";"";"";"";"";"";"";"Fusion_final";"14.732567413240359";"-17.44449552023926";"2026-09-05T12:00:38.679Z";"2026-09-05T12:00:38.679Z";"geomatquecedt@gmail.com";"geomatquecedt@gmail.com";"publie";"false"
"146";"Centre de formation routier pour enfants";"Centre de formation routier pour enfants";"1";"3";"HLM";"";"";"";"";"1";"Code de la route";"";"2015-01-01";"";"";"DCIM/JPEG_20260114104020281.JPG";"Fusion_final";"14.698728519437084";"-17.444249070938557";"2026-09-05T12:00:38.679Z";"2026-09-05T12:00:38.679Z";"geomatquecedt@gmail.com";"geomatquecedt@gmail.com";"publie";"false"
"147";"Institut de santé paul correa";"Institut de santé paul correa";"1";"1";"HLM";"";"338645813";"ecolecentrepaulcorreahlm6@gmail.com";"";"1";"";"Diplôme d’Etat ; Diplôme sage femme ; Diplôme assistante ; Diplôme infirmier d’état ; Vendeur en pharmacie ; Assistant dentaire, maternelle";"2004-01-01";"";"";"DCIM/JPEG_20260114112354849.JPG";"Fusion_final";"14.704113982671158";"-17.44260242068604";"2026-09-05T12:00:38.679Z";"2026-09-05T12:00:38.679Z";"geomatquecedt@gmail.com";"geomatquecedt@gmail.com";"publie";"false"
"148";"Centre socio culturel de cameberene";"Centre socio culturel de cameberene";"1";"3";"CAMBERENE";"";"775563743";"";"";"1 ; 2";"Couturière";"";"2026-01-14";"";"";"DCIM/JPEG_20260114134246394.jpg";"Fusion_final";"14.770225156112364";"-17.430959818900963";"2026-09-05T12:00:38.679Z";"2026-09-05T12:00:38.679Z";"geomatquecedt@gmail.com";"geomatquecedt@gmail.com";"publie";"false"
"15";"Université Dakar Bourguiba";"Université Dakar Bourguiba";"";"1";"BISCUITERIE";"";"+221 33 825 36 11";"";"https://www.udb.sn/";"Enseignement supérieur professionnalisé et pluridisciplinaire";"";"Diplômes reconnus/accrédités CAMES et ANAQ-SUP";"";"";"";"";"Fusion_final";"14.718931566279705";"-17.449566007437156";"2026-09-05T12:00:38.679Z";"2026-09-05T12:00:38.679Z";"geomatquecedt@gmail.com";"geomatquecedt@gmail.com";"publie";"false"
"150";"Centre d’apprentissage populaire";"Centre d’apprentissage populaire";"1";"1";"MALIKA";"";"338";"";"files/20260204121727266_image_0001.jpg";"1 ; 2";"";"Couture ; Restauration ; Cap ; Mecanique a ; Electricite";"2011-02-01";"";"";"DCIM/JPEG_20260204121927224.jpg";"Fusion_final";"14.794385905787557";"-17.336158117273715";"2026-09-05T12:00:38.679Z";"2026-09-05T12:00:38.679Z";"geomatquecedt@gmail.com";"geomatquecedt@gmail.com";"publie";"false"
"152";"Centre dapprentissage populaire";"Centre dapprentissage populaire";"1";"1";"MALIKA";"";"";"";"";"1 ; 2";"Cuisine";"Cap";"2011-01-01";"";"";"DCIM/JPEG_20260204123921880.jpg";"Fusion_final";"14.797429866648905";"-17.33798958963234";"2026-09-05T12:00:38.679Z";"2026-09-05T12:00:38.679Z";"geomatquecedt@gmail.com";"geomatquecedt@gmail.com";"publie";"false"
"153";"Syscom university";"Syscom university";"1";"1";"MALIKA";"";"773301598";"";"";"1";"Les metiers de linformatique transportn logistique marketing et communication entreprenariat restauratio";"CAP ; BEP ; Attestation professionel ; Bts ; Certicat de specialite";"2024-01-01";"";"";"";"Fusion_final";"14.797830673270838";"-17.337928157085308";"2026-09-05T12:00:38.679Z";"2026-09-05T12:00:38.679Z";"geomatquecedt@gmail.com";"geomatquecedt@gmail.com";"publie";"false"
"156";"UPOA (Université Polytechnique de L'Ouest Africain)";"UPOA (Université Polytechnique de L'Ouest Africain)";"";"3";"NGOR";"";"338208151";"upoa@upoa.edu.sn";"";"";"";"Licence et Master";"2026-01-15";"";"";"";"Fusion_final";"14.7395508";"-17.5109069";"2026-09-05T12:00:38.679Z";"2026-09-05T12:00:38.679Z";"geomatquecedt@gmail.com";"geomatquecedt@gmail.com";"publie";"false"
"157";"IPP (Institut Polytechnique Panafricain)";"IPP (Institut Polytechnique Panafricain)";"1";"";"NGOR";"";"338604532";"www.ippdakar.com";"";"1";"";"Licence et Master Architecture ; Licence et Master génie civil ; Licence et Master génie informatique";"";"";"";"";"Fusion_final";"14.744328";"-17.514799";"2026-09-05T12:00:38.679Z";"2026-09-05T12:00:38.679Z";"geomatquecedt@gmail.com";"geomatquecedt@gmail.com";"publie";"false"
"158";"Minutedrone DKR";"Minutedrone DKR";"";"1";"";"";"";"";"";"";"";"Certification de telepilotage de drone";"";"";"";"";"Fusion_final";"14.7458686";"-17.5123218";"2026-09-05T12:00:38.679Z";"2026-09-05T12:00:38.679Z";"geomatquecedt@gmail.com";"geomatquecedt@gmail.com";"publie";"false"
"159";"Institut EDGE (École de Droit Gestion et Économique)";"Institut EDGE (École de Droit Gestion et Économique)";"1";"1";"NGOR";"";"338653682";"contact@institutedge.org";"";"1 ; 2";"";"Licence (-Droit des Affaires, -Transport Logistique, -Gestion des organisations privées, -Comptabilité, -Markéting et Communication , -Commerce Internationale) ; MASTER I et II (-
Droit et Économie du Sport, -
Droit Numérique, des avancées technologiques et de la cybercriminalité, 
-Droit et Économie de la régulation et de la compliance) ; BTS (-
Comptabilité / Gestion, -
Transport Logistique, -
Commerce International, 
-Marketing, -
Génie Civil) ; BT (-
Comptabilité Gestion, -
Transit, 
-Maintenance Informatique, -
Dessin bâtiment, -
Génie Civil) ; CERTIFICATION (-
Médiation en Afrique, 
-Sponsoring sportif, -
Développeur Web, -
Marketing Digital, -
Outils IA & Cybersécurité, -
Web 3)";"2014-01-01";"";"";"";"Fusion_final";"14.7390309";"-17.5096724";"2026-09-05T12:00:38.679Z";"2026-09-05T12:00:38.679Z";"geomatquecedt@gmail.com";"geomatquecedt@gmail.com";"publie";"false"
"16";"Sabdarifa";"Sabdarifa";"";"1";"";"";"";"";"";"";"";"";"";"";"";"";"Fusion_final";"14.71019951802737";"-17.446825985684146";"2026-09-05T12:00:38.679Z";"2026-09-05T12:00:38.679Z";"geomatquecedt@gmail.com";"geomatquecedt@gmail.com";"publie";"false"
"160";"Institut d'Etudes Supérieur de Management et de Droit";"Institut d'Etudes Supérieur de Management et de Droit";"1";"2";"PATTE D'OIE";"";"771686027";"";"";"1";"Gestion des affaires ( marketing, transport logistique-transit, communication digitale, management des ressources humaines, banque finance- assurance, comptabilité...), Droit des affaires, Passation des marchés publics, Audit et contrôle de gestion.";"Licence ; Master";"2012-10-08";"";"";"DCIM/JPEG_20260114104756398.jpg";"Fusion_final";"14.7440035";"-17.445707";"2026-09-05T12:00:38.679Z";"2026-09-05T12:00:38.679Z";"geomatquecedt@gmail.com";"geomatquecedt@gmail.com";"publie";"false"
"162";"Sentech Academy";"Sentech Academy";"1";"1";"PATTE D'OIE";"";"338035849";"sentech.academie@gmail.com";"";"1";"Informatique - bureautique - cyber sécurité- développement web, marketing et communication digitale, Audiovisuel -infographie, webmaster réseaux sociaux";"BT informatique ; BTS informatique";"2021-10-04";"";"";"DCIM/JPEG_20260114113142832.jpg";"Fusion_final";"14.74262498333333";"-17.438890183333335";"2026-09-05T12:00:38.679Z";"2026-09-05T12:00:38.679Z";"geomatquecedt@gmail.com";"geomatquecedt@gmail.com";"publie";"false"
"163";"École Cuisine du Monde";"École Cuisine du Monde";"1";"1";"PATTE D'OIE";"";"785268295";"Cudum2022@gmail";"";"1";"Restauration et Hôtellerie";"CAP ; BEP";"2022-10-10";"";"";"DCIM/JPEG_20260114132605790.jpg";"Fusion_final";"14.7453505";"-17.4447114";"2026-09-05T12:00:38.679Z";"2026-09-05T12:00:38.679Z";"geomatquecedt@gmail.com";"geomatquecedt@gmail.com";"publie";"false"
"164";"IDÉAL COUTURE SOPE NABY";"IDÉAL COUTURE SOPE NABY";"1";"1";"YEUMBEUL SUD";"";"775023090";"antalaye44@gmail.com";"";"1";"Couture, broderie, perlage, décoration, teinture...";"";"2026-02-04";"";"";"DCIM/JPEG_20260204115719974.jpg";"Fusion_final";"14.769909312203204";"-17.35271023338404";"2026-09-05T12:00:38.679Z";"2026-09-05T12:00:38.679Z";"geomatquecedt@gmail.com";"geomatquecedt@gmail.com";"publie";"false"
"165";"NDJILWENE Couture et restauration";"NDJILWENE Couture et restauration";"1";"1";"YEUMBEUL SUD";"";"772550121";"ndjilwene@gmail.com";"";"1";"Couture, restauration";"Attestation de fin de formation";"2009-12-25";"";"";"DCIM/JPEG_20260204122724070.jpg";"Fusion_final";"14.767516677469661";"-17.34683267026314";"2026-09-05T12:00:38.679Z";"2026-09-05T12:00:38.679Z";"geomatquecedt@gmail.com";"geomatquecedt@gmail.com";"publie";"false"
"166";"La rive du Savoir";"La rive du Savoir";"1";"1";"YEUMBEUL SUD";"";"778130082";"ambaye1954@gmail.com";"";"1";"Couture, perlage, modélisme, dessin de mode";"Diplôme de fin de formation";"";"";"";"";"Fusion_final";"14.769078637422504";"-17.365105500038528";"2026-09-05T12:00:38.679Z";"2026-09-05T12:00:38.679Z";"geomatquecedt@gmail.com";"geomatquecedt@gmail.com";"publie";"false"
"167";"EFAM";"EFAM";"1";"1";"PIKINE NORD (SUD)";"";"773056923";"";"";"1";"Makeup ,foulard, développement personnel, communication";"Attestation";"2026-02-04";"";"";"C:\Users\El Malick\Pictures\EFAM.jpeg";"Fusion_final";"14.756732395937334";"-17.397198732973354";"2026-09-05T12:00:38.679Z";"2026-09-05T12:00:38.679Z";"geomatquecedt@gmail.com";"geomatquecedt@gmail.com";"publie";"false"
"168";"La plus belle";"La plus belle";"";"1";"PIKINE NORD (SUD)";"";"777281235";"";"";"";"Couture coiffure";"Diplome d’état et attestation";"2026-02-04";"";"";"C:\Users\El Malick\Pictures\WhatsApp Image 2026-02-10 at 10.46.13.jpeg";"Fusion_final";"14.756732395937334";"-17.397198732973354";"2026-09-05T12:00:38.679Z";"2026-09-05T12:00:38.679Z";"geomatquecedt@gmail.com";"geomatquecedt@gmail.com";"publie";"false"
"169";"Moussou fashion";"Moussou fashion";"";"1";"PIKINE NORD (SUD)";"";"778690154";"";"";"";"Makup/tissage/coiffure/traitement cheveux";"Attestation";"";"";"";"C:\Users\El Malick\Pictures\Mousse.jpeg";"Fusion_final";"14.762215946655738";"-17.393850167480732";"2026-09-05T12:00:38.679Z";"2026-09-05T12:00:38.679Z";"geomatquecedt@gmail.com";"geomatquecedt@gmail.com";"publie";"false"
"17";"ISi";"ISi";"";"1";"GUEULE TAPEE FASS COLOBANE";"";"";"";"https://www.isisuptech.com/";"Formations supérieures en informatique et gestion";"Réseaux informatiques ; génie logiciel ; web ; comptabilité-finance ; commerce international ; marketing digital";"";"";"";"";"DCIM/JPEG_20260512112607769.jpg";"Fusion_final";"14.692794565191523";"-17.451877325260806";"2026-09-05T12:00:38.679Z";"2026-09-05T12:00:38.679Z";"geomatquecedt@gmail.com";"geomatquecedt@gmail.com";"publie";"false"
"170";"Cprs (centre de formation et la reinsertion)";"Cprs (centre de formation et la reinsertion)";"1";"2";"PIKINE NORD (SUD)";"";"338340107";"";"";"1";"Couture tissage trico";"";"2026-02-04";"";"";"C:\Users\El Malick\Pictures\Cpras.jpeg";"Fusion_final";"14.759837725176581";"-17.394149311908162";"2026-09-05T12:00:38.679Z";"2026-09-05T12:00:38.679Z";"geomatquecedt@gmail.com";"geomatquecedt@gmail.com";"publie";"false"
"179";"Sup de co";"Sup de co";"INITIALE";"PRIVE";"PLATEAU";"";"338496918";"supdeco@supdeco.edu.sn";"https://supdeco.sn/";"INITIALE ; CONTINUE ; ALTERNANCE";"Management et Gestion (School of Management) Management et Gestion (School of Management) Langues et Communication , Formation axée sur la communication professionnelle et les langues.";"BTS(transport logistique) ; LICENCE ; MASTER ; CERTIFICAT";"1993-10-04";"";"";"DCIM/JPEG_20260204120110790.jpg";"Fusion_final";"14.67502";"-17.434943333333333";"2026-09-05T12:00:38.679Z";"2026-09-05T12:00:38.679Z";"geomatquecedt@gmail.com";"geomatquecedt@gmail.com";"publie";"false"
"18";"AFPA";"AFPA";"";"";"GUEULE TAPEE FASS COLOBANE";"";"";"";"";"";"";"";"";"";"";"DCIM/JPEG_20260512114250404.jpg";"Fusion_final";"14.691725165560705";"-17.454794004830124";"2026-09-05T12:00:38.679Z";"2026-09-05T12:00:38.679Z";"geomatquecedt@gmail.com";"geomatquecedt@gmail.com";"publie";"false"
"180";"UCAO";"UCAO";"INITIALE";"PRIVE";"PLATEAU";"";"338230840";"stmichel@ucao.edu.sn.";"";"INITIALE ; CONTINUE";"Management, Informatique, Gestion (ISG), BTS et Masters (MQPI, MACG).";"BTS ; LICENCE ; MASTER ; CERTIFICAT";"2000-02-01";"";"";"DCIM/JPEG_20260204123929927.jpg";"Fusion_final";"14.6731944";"-17.4323807";"2026-09-05T12:00:38.679Z";"2026-09-05T12:00:38.679Z";"geomatquecedt@gmail.com";"geomatquecedt@gmail.com";"publie";"false"
"181";"Cheikh Amala Sy";"Cheikh Amala Sy";"INITIALE";"PRIVE";"PLATEAU";"";"";"";"";"INITIALE";"";"";"";"";"";"DCIM/JPEG_20260204132712433.jpg";"Fusion_final";"14.669723333333328";"-17.42821";"2026-09-05T12:00:38.679Z";"2026-09-05T12:00:38.679Z";"geomatquecedt@gmail.com";"geomatquecedt@gmail.com";"publie";"false"
"182";"SUP-INFO";"SUP-INFO";"INITIALE";"PRIVE";"PLATEAU";"";"338891188";"supinfo@supinfo.sn";"";"INITIALE ; CONTINUE";"Marketing, com, informatique de gestion, banque finance assurance, transport logistique, gestion immobilière, gestion des RH, Informatique";"LICENCE ; MASTER";"1992-10-01";"";"";"DCIM/JPEG_20260204133719419.jpg";"Fusion_final";"14.670191666666657";"-17.429815";"2026-09-05T12:00:38.679Z";"2026-09-05T12:00:38.679Z";"geomatquecedt@gmail.com";"geomatquecedt@gmail.com";"publie";"false"
"183";"SUP-IMAX";"SUP-IMAX";"INITIALE";"PRIVE";"PLATEAU";"";"33889118";"info@supimax.com";"";"INITIALE ; CONTINUE";"Arts Graphiques et Numériques : Formation axée sur le graphisme, l'infographie, le web design, la 3D, et l'édition numérique.
Audiovisuel Numérique : Formation pratique pour les métiers de la réalisation, du montage, de la production TV, et de la techniq";"LICENCE ; MASTER";"2012-10-01";"";"";"DCIM/JPEG_20260204134316934.jpg";"Fusion_final";"14.67005333333333";"-17.429423333333332";"2026-09-05T12:00:38.679Z";"2026-09-05T12:00:38.679Z";"geomatquecedt@gmail.com";"geomatquecedt@gmail.com";"publie";"false"
"184";"Jeanne d'arc poste bac";"Jeanne d'arc poste bac";"INITIALE";"PRIVE";"PLATEAU";"";"338896061";"contact@isjapostbac.sn ou contact@isjapostbac.info.";"";"INITIALE";"Industrie Agroalimentaire (avec labos de production)
Hygiène, Sécurité, Environnement (HSE)
Commerce et Affaires Internationales
Gestion des Entreprises et Administration
Gestion Transport Logistique
Classes Prépa Ingénieurs";"BTS ; LICENCE";"1994-10-03";"";"";"DCIM/JPEG_20260204143423099.jpg";"Fusion_final";"14.6605951";"-17.4408831";"2026-09-05T12:00:38.679Z";"2026-09-05T12:00:38.679Z";"geomatquecedt@gmail.com";"geomatquecedt@gmail.com";"publie";"false"
"185";"ITM (Institut de Technologie Médicale)";"ITM (Institut de Technologie Médicale)";"INITIALE";"PRIVE";"SEBIKOTANE";"";"338053482";"itm.sebi2024@gmail.com";"";"INITIALE ; ALTERNANCE";"Sage femme d'état, infirmier d'état, délégué médical, assistant infirmier d'état, aide infirmier, vendeur en pharmacie";"LICENCE ; BTS ; ATTESTATION";"2018-10-15";"";"";"DCIM/JPEG_20260114121357025.jpg";"Fusion_final";"14.7372399";"-17.1422573";"2026-09-05T12:00:38.679Z";"2026-09-05T12:00:38.679Z";"geomatquecedt@gmail.com";"geomatquecedt@gmail.com";"publie";"false"
"186";"EFPT-MS (Etablissement de Formation Proféssionnelle et Technique-Modou Seck)";"EFPT-MS (Etablissement de Formation Proféssionnelle et Technique-Modou Seck)";"INITIALE";"PRIVE";"SEBIKOTANE";"";"774496311";"efptms@gmail.com";"";"INITIALE ; CONTINUE";"Geomatique, Plomberie, Dessin bâtiment, Froid et Climatisation, Transport Logistique, Agro-alimentaire, QHSE, Pose de carreaux,  Couture et Broderie Numérique, Coiffure et soin Esthétique,  Infographie, Agent de protection Rapproché,  Génie Logiciel,  Se";"BTS ; CPS ; CAP ; BEP ; BT";"2025-01-10";"";"";"DCIM/JPEG_20260114124941037.jpg";"Fusion_final";"14.7397195";"-17.1403149";"2026-09-05T12:00:38.679Z";"2026-09-05T12:00:38.679Z";"geomatquecedt@gmail.com";"geomatquecedt@gmail.com";"publie";"false"
"187";"CFP Sebikotane";"CFP Sebikotane";"INITIALE";"PUBLIC";"SEBIKOTANE";"";"775425545";"cfpsebi2010@gmail.com";"";"INITIALE";"Couture et modelisme, Dessin bâtiment, ouvrage métallique, coiffure, cuisinier, Pâtisserie";"CAP ; BEP ; ATTESTATION ; ATTESTE";"2010-10-15";"";"";"DCIM/JPEG_20260114132851779.jpg";"Fusion_final";"14.7436212";"-17.1349767";"2026-09-05T12:00:38.679Z";"2026-09-05T12:00:38.679Z";"geomatquecedt@gmail.com";"geomatquecedt@gmail.com";"publie";"false"
"188";"ESTI (Centre de Formation et de Perfectionnement en Soudure)";"ESTI (Centre de Formation et de Perfectionnement en Soudure)";"INITIALE";"PRIVE";"SEBIKOTANE";"";"";"";"";"INITIALE";"";"";"";"";"";"DCIM/JPEG_20260114135532956.jpg";"Fusion_final";"14.749467414803803";"-17.132974192500114";"2026-09-05T12:00:38.679Z";"2026-09-05T12:00:38.679Z";"geomatquecedt@gmail.com";"geomatquecedt@gmail.com";"publie";"false"
"189";"Centre  de formation professionnelle  en agriculture  de Sangalkam  (CFPA/C)";"Centre  de formation professionnelle  en agriculture  de Sangalkam  (CFPA/C)";"1";"3";"SANGALKAM";"";"";"";"";"1";"";"";"";"";"";"DCIM/JPEG_20260204115624665.heic";"Fusion_final";"14.777725427534435";"-17.223238147494623";"2026-09-05T12:00:38.679Z";"2026-09-05T12:00:38.679Z";"geomatquecedt@gmail.com";"geomatquecedt@gmail.com";"publie";"false"
"190";"Centre de formation professionnelle de Thiaroye Sur Mer";"Centre de formation professionnelle de Thiaroye Sur Mer";"";"2";"THIAROYE SUR MER";"";"338370197";"cfpthiaroye@gmail.com";"";"";"Cuisinier, Couturier Modéliste, Coiffeuse, Maçon, restaurantion, Habillement";"CAP Cuisinier ; CAP Couturier Modéliste ; CAP Coiffeuse ; CAP Maçon ; Attesté (restaurantion, habillement, coiffure)";"";"";"";"";"Fusion_final";"14.741755";"-17.38464";"2026-09-05T12:00:38.679Z";"2026-09-05T12:00:38.679Z";"geomatquecedt@gmail.com";"geomatquecedt@gmail.com";"publie";"false"
"2";"PERFORM";"PERFORM";"1";"1";"BAMBILOR";"";"781526161";"info@performsenegal.com";"www.performsenegal.com";"1";"Mécanique automobile, Engins lourds ou Mécatronique";"BTS ; CAP ; BT ; BUT ; Licence";"";"";"";"DCIM/JPEG_20260203100554420.jpg";"Fusion_final";"14.79631048759499";"-17.195056565193124";"2026-09-05T12:00:38.679Z";"2026-09-05T12:00:38.679Z";"geomatquecedt@gmail.com";"geomatquecedt@gmail.com";"publie";"false"
"20";"ISM";"ISM";"";"";"";"";"+221 33 869 76 77 / +221 76 224 19 40";"info@ism.edu.sn";"https://www.groupeism.sn/";"Licence ; Master ; MBA ; certificats ; formations en ligne";"Gestion ; science politique ; informatique/digital ; droit ; commerce-vente ; marketing-communication ; management/gestion de projet ; RH ; comptabilité-finance ; tourisme";"";"";"";"";"DCIM/JPEG_20260512121129491.jpg";"Fusion_final";"14.690492475734114";"-17.458579347290556";"2026-09-05T12:00:38.679Z";"2026-09-05T12:00:38.679Z";"geomatquecedt@gmail.com";"geomatquecedt@gmail.com";"publie";"false"
"23";"ESNT";"ESNT";"";"";"GUEULE TAPEE FASS COLOBANE";"";"";"";"";"";"";"";"";"";"";"DCIM/JPEG_20260512130507990.jpg";"Fusion_final";"14.684285072189212";"-17.45766052878943";"2026-09-05T12:00:38.679Z";"2026-09-05T12:00:38.679Z";"geomatquecedt@gmail.com";"geomatquecedt@gmail.com";"publie";"false"
"24";"CSFP IAA";"CSFP IAA";"";"";"GUEULE TAPEE FASS COLOBANE";"";"338226308";"cfspiaa@orange.sn";"files/20260512131023984_image_0001.jpg";"Formation initiale ; formation continue ; prestations à la carte ; certificat professionnel de spécialité (CPS)";"Chef d'Équipe Fabrication ; Conducteur de Machine Automatisée ; Technicien de Production Automatisée ; TSS Industrie Agroalimentaire ; BTS Contrôleur de Production en IAA ; BTS QHSE";"CPS ; titres/formations professionnelles ; BTS";"2026-05-12";"";"";"DCIM/JPEG_20260512130700894.jpg";"Fusion_final";"14.684484426422957";"-17.457820978822284";"2026-09-05T12:00:38.679Z";"2026-09-05T12:00:38.679Z";"geomatquecedt@gmail.com";"geomatquecedt@gmail.com";"publie";"false"
"25";"Centre National des Cours professionnels et Industriels (CNCPI/Delafosse)";"Centre National des Cours professionnels et Industriels (CNCPI/Delafosse)";"";"3";"GUEULE TAPEE FASS COLOBANE";"";"338404025";"Cncpidakar@gmail.com";"";"";"";"CAP ; BEP ; BT ; CPS";"";"";"";"";"Fusion_final";"14.684086784322194";"-17.458655321464104";"2026-09-05T12:00:38.679Z";"2026-09-05T12:00:38.679Z";"geomatquecedt@gmail.com";"geomatquecedt@gmail.com";"publie";"false"
"26";"CFPC";"CFPC";"";"2";"GUEULE TAPEE FASS COLOBANE";"";"";"";"";"";"";"";"";"";"";"DCIM/JPEG_20260512142159307.jpg";"Fusion_final";"14.68563698582892";"-17.459343279723853";"2026-09-05T12:00:38.679Z";"2026-09-05T12:00:38.679Z";"geomatquecedt@gmail.com";"geomatquecedt@gmail.com";"publie";"false"
"27";"LTCD";"LTCD";"";"3";"GUEULE TAPEE FASS COLOBANE";"";"+221 33 822 43 68 / +221 77 271 68 78";"ltcd@education.sn";"https://ltcdelafosse.com/";"Formations BT ; BTS ; formations certifiantes ; cours du soir";"Comptabilité-gestion ; transport-logistique ; bureautique ; commerce international ; assistanat de gestion PME/PMI ; marketing-communication";"CAP ; BEP ; BP ; BTS";"";"";"";"DCIM/JPEG_20260512143140464.jpg";"Fusion_final";"14.685381227185848";"-17.460170667634774";"2026-09-05T12:00:38.679Z";"2026-09-05T12:00:38.679Z";"geomatquecedt@gmail.com";"geomatquecedt@gmail.com";"publie";"false"
"28";"LTID";"LTID";"";"2";"GUEULE TAPEE FASS COLOBANE";"";"338222116";"";"";"";"";"BEP ; BT ; BTS";"";"";"";"DCIM/JPEG_20260512151018480.jpg";"Fusion_final";"14.68648269254737";"-17.459298973066314";"2026-09-05T12:00:38.679Z";"2026-09-05T12:00:38.679Z";"geomatquecedt@gmail.com";"geomatquecedt@gmail.com";"publie";"false"
"29";"CFA";"CFA";"";"";"GUEULE TAPEE FASS COLOBANE";"";"";"";"";"";"";"";"";"";"";"";"Fusion_final";"14.688804924745252";"-17.459016379441152";"2026-09-05T12:00:38.679Z";"2026-09-05T12:00:38.679Z";"geomatquecedt@gmail.com";"geomatquecedt@gmail.com";"publie";"false"
"3";"CEDAF ( Centre Départemental d’Assistance, et de Formation pour la Femme)";"CEDAF ( Centre Départemental d’Assistance, et de Formation pour la Femme)";"1";"2";"BAMBILOR";"";"768723278";"cedafrufisque@gmail.com";"facebook.com";"1";"Couture, restauration, sérigraphie, broderie à la main, broderie à la machine, micro jardinage, saponification, fabrication de Chanel, transformation de produits céréale";"Attestation";"";"";"";"DCIM/JPEG_20260203113600468.jpg";"Fusion_final";"14.797841644531609";"-17.191326739081322";"2026-09-05T12:00:38.679Z";"2026-09-05T12:00:38.679Z";"geomatquecedt@gmail.com";"geomatquecedt@gmail.com";"publie";"false"
"30";"ESTG";"ESTG";"";"1";"SICAP LIBERTE";"";"338675757";"admission@estg.sn";"www.estg.sn";"";"";"";"";"";"";"DCIM/ecoles-de-formation_20260512140259190.jpeg";"Fusion_final";"14.717448143267747";"-17.45836480460597";"2026-09-05T12:00:38.679Z";"2026-09-05T12:00:38.679Z";"geomatquecedt@gmail.com";"geomatquecedt@gmail.com";"publie";"false"
"31";"Centre de formation professionnelle horticole (CFPH) nii";"Centre de formation professionnelle horticole (CFPH) nii";"1";"2";"CAMBERENE";"";"";"";"";"1";"";"BT ; BTS ; CAP ; CPS";"1960-10-01";"";"";"";"Fusion_final";"14.75206651974156";"-17.426668886312758";"2026-09-05T12:00:38.679Z";"2026-09-05T12:00:38.679Z";"geomatquecedt@gmail.com";"geomatquecedt@gmail.com";"publie";"false"
"32";"HAIR Universal institut";"HAIR Universal institut";"1";"1";"GOLF SUD";"";"776235518";"hairuniversal.digital@gmail.com";"";"1";"";"CPS Diplome d’état";"2026-05-12";"";"";"";"Fusion_final";"14.76851202348448";"-17.412977690043967";"2026-09-05T12:00:38.679Z";"2026-09-05T12:00:38.679Z";"geomatquecedt@gmail.com";"geomatquecedt@gmail.com";"publie";"false"
"33";"Business Communication center";"Business Communication center";"1";"1";"GOLF SUD";"";"77736";"Recrutebc@gmail.com";"";"1";"Centre d’appels  comptablité GEstion de caisse Marketing Digital Bureautique Gestion Immobilière Sage P Sali comptabilité Gestion de caisse";"Attestation";"2026-05-12";"";"";"";"Fusion_final";"14.765808829552173";"-17.413833545862225";"2026-09-05T12:00:38.679Z";"2026-09-05T12:00:38.679Z";"geomatquecedt@gmail.com";"geomatquecedt@gmail.com";"publie";"false"
"34";"Ecole de formation ZE coiffure";"Ecole de formation ZE coiffure";"";"";"GOLF SUD";"";"";"";"";"";"";"";"";"";"";"";"Fusion_final";"14.77007249350868";"-17.413884265665928";"2026-09-05T12:00:38.679Z";"2026-09-05T12:00:38.679Z";"geomatquecedt@gmail.com";"geomatquecedt@gmail.com";"publie";"false"
"35";"Minapro";"Minapro";"";"";"GOLF SUD";"";"";"";"";"";"";"";"";"";"";"";"Fusion_final";"14.771164488391562";"-17.41398240992222";"2026-09-05T12:00:38.679Z";"2026-09-05T12:00:38.679Z";"geomatquecedt@gmail.com";"geomatquecedt@gmail.com";"publie";"false"
"36";"Formation Audit Conseil Gestion Expertise";"Formation Audit Conseil Gestion Expertise";"";"";"GOLF SUD";"";"";"";"";"";"";"";"";"";"";"";"Fusion_final";"14.770318976568365";"-17.411672767214885";"2026-09-05T12:00:38.679Z";"2026-09-05T12:00:38.679Z";"geomatquecedt@gmail.com";"geomatquecedt@gmail.com";"publie";"false"
"37";"ISBD";"ISBD";"";"";"GOLF SUD";"";"";"";"";"";"";"";"";"";"";"";"Fusion_final";"14.763797828941385";"-17.424062434600128";"2026-09-05T12:00:38.679Z";"2026-09-05T12:00:38.679Z";"geomatquecedt@gmail.com";"geomatquecedt@gmail.com";"publie";"false"
"38";"Formation couture";"Formation couture";"";"";"GOLF SUD";"";"";"";"";"";"";"";"";"";"";"";"Fusion_final";"14.759492551924904";"-17.427578713674375";"2026-09-05T12:00:38.679Z";"2026-09-05T12:00:38.679Z";"geomatquecedt@gmail.com";"geomatquecedt@gmail.com";"publie";"false"
"39";"IACOM";"IACOM";"";"";"PIKINE OUEST";"";"";"";"";"";"";"";"";"";"";"";"Fusion_final";"14.750637332472447";"-17.407611888341176";"2026-09-05T12:00:38.679Z";"2026-09-05T12:00:38.679Z";"geomatquecedt@gmail.com";"geomatquecedt@gmail.com";"publie";"false"
"4";"CCA C(entre de coaching Africa)";"CCA C(entre de coaching Africa)";"1";"1";"BAMBILOR";"";"782227968";"thierequipe@gmail.com";"www.cca-formations.com";"1";"Mécanique auto, Mécatronique, Génie civil/bâtiment, Electrotechnique,Marketing communication,Maintenance réseaux informatiques, comptabilité Gestion, Transit Transport Logistique, Hôtellerie restauration, commerce Administration Secrétariat Infor";"CAP ; BT ; BTS ; Licence professionnelle ; BEP";"";"";"";"DCIM/JPEG_20260203112548310.jpg";"Fusion_final";"14.80046563773461";"-17.189050710613554";"2026-09-05T12:00:38.679Z";"2026-09-05T12:00:38.679Z";"geomatquecedt@gmail.com";"geomatquecedt@gmail.com";"publie";"false"
"40";"CFP";"CFP";"";"";"PIKINE OUEST";"";"";"";"";"";"";"";"";"";"";"";"Fusion_final";"14.749293553411514";"-17.406575610695697";"2026-09-05T12:00:38.679Z";"2026-09-05T12:00:38.679Z";"geomatquecedt@gmail.com";"geomatquecedt@gmail.com";"publie";"false"
"41";"ISEG PIKINE";"ISEG PIKINE";"";"";"PIKINE OUEST";"";"";"";"";"";"";"";"";"";"";"";"Fusion_final";"14.748129067625964";"-17.399625526641938";"2026-09-05T12:00:38.679Z";"2026-09-05T12:00:38.679Z";"geomatquecedt@gmail.com";"geomatquecedt@gmail.com";"publie";"false"
"42";"CFPT LA SOURCE";"CFPT LA SOURCE";"";"";"PIKINE OUEST";"";"";"";"";"";"";"";"";"";"";"";"Fusion_final";"14.74809702627162";"-17.39945939780041";"2026-09-05T12:00:38.679Z";"2026-09-05T12:00:38.679Z";"geomatquecedt@gmail.com";"geomatquecedt@gmail.com";"publie";"false"
"44";"Institut de Mainagement et de Technologie IMTECH";"Institut de Mainagement et de Technologie IMTECH";"1";"1";"BISCUITERIE";"";"33";"info@imtech";"https://imtech-nelsonmandela.com/";"1";"Gestion ; banque & finance ; droit public & privé ; technologies de l'informatique ; électromécanique ; biotechnologies";"BEP ; BTS";"2026-02-04";"";"";"DCIM/JPEG_20260204111341132.jpg";"Fusion_final";"14.720238333333336";"-17.448116666666667";"2026-09-05T12:00:38.679Z";"2026-09-05T12:00:38.679Z";"geomatquecedt@gmail.com";"geomatquecedt@gmail.com";"publie";"false"
"47";"ISMI";"ISMI";"";"";"";"";"";"";"";"";"";"";"";"";"";"";"Fusion_final";"14.770474280956345";"-17.318383095968994";"2026-09-05T12:00:38.679Z";"2026-09-05T12:00:38.679Z";"geomatquecedt@gmail.com";"geomatquecedt@gmail.com";"publie";"false"
"48";"ISMI Horizon santé";"ISMI Horizon santé";"";"";"";"";"";"";"";"";"";"";"";"";"";"";"Fusion_final";"14.770758975913987";"-17.31864288828043";"2026-09-05T12:00:38.679Z";"2026-09-05T12:00:38.679Z";"geomatquecedt@gmail.com";"geomatquecedt@gmail.com";"publie";"false"
"49";"EMICA";"EMICA";"";"";"";"";"";"";"";"";"";"";"";"";"";"";"Fusion_final";"14.777947193955965";"-17.332243211583542";"2026-09-05T12:00:38.679Z";"2026-09-05T12:00:38.679Z";"geomatquecedt@gmail.com";"geomatquecedt@gmail.com";"publie";"false"
"5";"ISEP(Institut supérieur d'enseignement professionnel)";"ISEP(Institut supérieur d'enseignement professionnel)";"1";"2";"DIAMNIADIO";"";"338646867";"Contact@isepdiamniadio.edu.sn";"https://isepdiamniadio.com";"1";"le Transport Logistique et Mobilité Urbaine, le Management des Produits et Services Culturels, le Conseil Info-Énergie, la Production Animale, le Conseil Agricole, les Énergies Renouvelables, la Gestion Immobilière, le Suivi Technique et Gestion des";"DISEP(DiplomeInstitut supérieur d'enseignement professionnel)";"2019-07-01";"";"";"DCIM/JPEG_20260127102058364.jpg";"Fusion_final";"14.745266408775729";"-17.206840021427794";"2026-09-05T12:00:38.679Z";"2026-09-05T12:00:38.679Z";"geomatquecedt@gmail.com";"geomatquecedt@gmail.com";"publie";"false"
"50";"Agir Business Center";"Agir Business Center";"";"";"";"";"";"";"";"";"";"";"";"";"";"";"Fusion_final";"14.778195557425098";"-17.32354678791833";"2026-09-05T12:00:38.679Z";"2026-09-05T12:00:38.679Z";"geomatquecedt@gmail.com";"geomatquecedt@gmail.com";"publie";"false"
"51";"Iseg Keur Massar";"Iseg Keur Massar";"";"";"";"";"";"";"";"";"";"";"";"";"";"";"Fusion_final";"14.778674944717254";"-17.320801745208577";"2026-09-05T12:00:38.679Z";"2026-09-05T12:00:38.679Z";"geomatquecedt@gmail.com";"geomatquecedt@gmail.com";"publie";"false"
"52";"IFHOT";"IFHOT";"";"";"";"";"";"";"";"";"";"";"";"";"";"";"Fusion_final";"14.781109452033483";"-17.315232171798343";"2026-09-05T12:00:38.679Z";"2026-09-05T12:00:38.679Z";"geomatquecedt@gmail.com";"geomatquecedt@gmail.com";"publie";"false"
"53";"Institut Elite Santé";"Institut Elite Santé";"";"";"";"";"";"";"";"";"";"";"";"";"";"";"Fusion_final";"14.775266527231926";"-17.315574128801003";"2026-09-05T12:00:38.679Z";"2026-09-05T12:00:38.679Z";"geomatquecedt@gmail.com";"geomatquecedt@gmail.com";"publie";"false"
"56";"AGIR";"AGIR";"";"";"";"";"";"";"";"";"";"";"";"";"";"";"Fusion_final";"14.778376983333331";"-17.323436233333332";"2026-09-05T12:00:38.679Z";"2026-09-05T12:00:38.679Z";"geomatquecedt@gmail.com";"geomatquecedt@gmail.com";"publie";"false"
"57";"ISEG";"ISEG";"";"1";"KEUR MASSAR";"";"788789198";"isegkeurmassar@yqhoo.fr";"";"";"Comptabilité  marketing banque finance assurance transport logistique création des gestion des entreprises et commerce international  genie logiciel assistante de direction   gestion des ressources humaines  maintenance et réseau";"BTS ; Master ; Licence";"2012-05-08";"";"";"";"Fusion_final";"14.7787434";"-17.320902";"2026-09-05T12:00:38.679Z";"2026-09-05T12:00:38.679Z";"geomatquecedt@gmail.com";"geomatquecedt@gmail.com";"publie";"false"
"6";"CSFP-BTP(Centre Sectoriel de formation professionnelle aux métiers du bâtiment et des travaux publics)";"CSFP-BTP(Centre Sectoriel de formation professionnelle aux métiers du bâtiment et des travaux publics)";"1";"1";"DIAMNIADIO";"";"777401779";"contact@csfp-btp.sn";"https://csfp-btp.sn";"1";"Bâtiment( maçonnerie, béton armé),des travaux publique (Voiries et Réseaux Divers),Plomberie(installation sanitaires) et éléctricité";"Titre professionnel ; BTS(Brevet de technicien supérieur) ; BT ( Brevet de Technicien)";"2026-01-27";"";"";"C:\Users\DELL\Desktop\KHABANE GUEYE\EXERCICES\btp.jpg";"Fusion_final";"14.711711487708218";"-17.16966814050011";"2026-09-05T12:00:38.679Z";"2026-09-05T12:00:38.679Z";"geomatquecedt@gmail.com";"geomatquecedt@gmail.com";"publie";"false"
"61";"CEDT le G15";"";"";"";"";"";"";"";"";"";"";"";"";"";"";"";"Fusion_final";"14.698665353780282";"-17.45031777439271";"2026-09-05T12:00:38.679Z";"2026-09-05T12:00:38.679Z";"geomatquecedt@gmail.com";"geomatquecedt@gmail.com";"publie";"false"
"63";"Ecole Multinationale de Telecom";"";"";"";"";"";"";"";"";"";"";"";"";"";"";"";"Fusion_final";"14.699851226300813";"-17.4512245347685";"2026-09-05T12:00:38.679Z";"2026-09-05T12:00:38.679Z";"geomatquecedt@gmail.com";"geomatquecedt@gmail.com";"publie";"false"
"67";"Centre de Formation Judiciaire";"";"";"";"";"";"";"";"";"";"";"";"";"";"";"";"Fusion_final";"14.699407082739953";"-17.452660164030068";"2026-09-05T12:00:38.679Z";"2026-09-05T12:00:38.679Z";"geomatquecedt@gmail.com";"geomatquecedt@gmail.com";"publie";"false"
"7";"CSFP-Mem";"CSFP-Mem";"1";"2";"DIAMNIADIO";"";"338708888";"mamadoubachir.ndao@csfp-mem.sn";"https://www.csfp-mem.sn";"1";"1. BTS (Brevet de Technicien Supérieur)
: Mécatronique,Mainrenace Engins Lours   2.Certificats Professionnels de Spécialisation (CPS) : Agent de maintenance des engins de chantiers et véhicules commerciaux ,Diagnostic Automobile, Maintenance Service";"BTS(Brevet de technicien supérieur) ; Titre professionnel ; BT ( Brevet de Technicien)";"2026-01-27";"";"";"DCIM/JPEG_20260127133316977.jpg";"Fusion_final";"14.710866848236144";"-17.16905480582127";"2026-09-05T12:00:38.679Z";"2026-09-05T12:00:38.679Z";"geomatquecedt@gmail.com";"geomatquecedt@gmail.com";"publie";"false"
"73";"Centre National de Qualification Professionnelle";"";"";"";"";"";"";"";"";"";"";"";"";"";"";"";"Fusion_final";"14.69818110996481";"-17.43222579764091";"2026-09-05T12:00:38.679Z";"2026-09-05T12:00:38.679Z";"geomatquecedt@gmail.com";"geomatquecedt@gmail.com";"publie";"false"
"75";"Centre de Formation aux Metiers Portuaires et à la Logistique (CFMPL)";"";"";"";"";"";"";"";"";"";"";"";"";"";"";"";"Fusion_final";"14.69884298622537";"-17.431147597163793";"2026-09-05T12:00:38.679Z";"2026-09-05T12:00:38.679Z";"geomatquecedt@gmail.com";"geomatquecedt@gmail.com";"publie";"false"
"8";"Centre de référence aux métiers de l’aviculture";"Centre de référence aux métiers de l’aviculture";"1";"Public";"DIAMNIADIO";"";"339107049";"centre.agriculture@formation.gouv.sn";"";"1";"Aviculture";"CPS ( certificat professionnel de spécialisation) ; CAP ( certificat d’aptitude professionnelle) ; BT ( Brevet de Technicien)";"2024-03-26";"Centre de Référence aux Métiers de l’Aviculture (CRMA), créé par décret n°2024-807 du 26 mars 2024 ; centre polyfonctionnel dédié notamment à la formation initiale et continue et à l’appui à l’insertion dans le secteur avicole.";"";"DCIM/JPEG_20260127141410252.jpg";"Fusion_final";"14.711870734508333";"-17.166553071448604";"2026-09-05T12:00:38.679Z";"2026-09-05T12:00:38.679Z";"geomatquecedt@gmail.com";"geomatquecedt@gmail.com";"publie";"false"
"86";"(ECRA) École de Cuisine et de Restauration Appliquée";"(ECRA) École de Cuisine et de Restauration Appliquée";"";"";"OUAKAM";"";"338244265";"educationformation.jeune@gmail.com";"";"";"";"CAP/BEP D'ETAT ; DEP ; DQP ; CPS";"";"";"";"DCIM/JPEG_20260116163726833.jpg";"Fusion_final";"14.722223445952373";"-17.48547727610281";"2026-09-05T12:00:38.679Z";"2026-09-05T12:00:38.679Z";"geomatquecedt@gmail.com";"geomatquecedt@gmail.com";"publie";"false"
"87";"UNI-PRO (CAMPUS 2)";"UNI-PRO (CAMPUS 2)";"1";"1";"OUAKAM";"";"";"uniprocomsn@gmail.com";"https://l.facebook.com/l.php?u=https%3A%2F%2Fwww.universprofessionnel.com%2F&h=https://www.formation-unipro.com";"1";"Sciences de gestion (comptabilité, finance, management).

Commerce international et marketing.

Informatique appliquée et systèmes de gestion";"";"";"";"";"C:\Users\DELL\OneDrive\Desktop\APPLICATION\unipro.jpg";"Fusion_final";"14.72502694281592";"-17.471941614798613";"2026-09-05T12:00:38.679Z";"2026-09-05T12:00:38.679Z";"geomatquecedt@gmail.com";"geomatquecedt@gmail.com";"publie";"false"
"88";"Euromed Université";"Euromed Université";"1";"1";"OUAKAM";"";"338251437";"infoseuromed@euromed.sn";"https://euromed.sn/";"1";"Pharmacie
/ Médecine";"Licence ; Master ; Doctorat";"";"";"";"C:\Users\DELL\Downloads\euromed.jpg";"Fusion_final";"14.72955693064224";"-17.499674049222687";"2026-09-05T12:00:38.679Z";"2026-09-05T12:00:38.679Z";"geomatquecedt@gmail.com";"geomatquecedt@gmail.com";"publie";"false"
"89";"Ecole Internationale des Affaires (EIA)";"Ecole Internationale des Affaires (EIA)";"";"1";"OUAKAM";"";"338647764";"contacts@eia.sn";"https://www.eia.sn";"";"";"";"";"";"";"";"Fusion_final";"14.717101009100983";"-17.47700502643851";"2026-09-05T12:00:38.679Z";"2026-09-05T12:00:38.679Z";"geomatquecedt@gmail.com";"geomatquecedt@gmail.com";"publie";"false"
"9";"Centre de formation professionnelle de Pikine";"Centre de formation professionnelle de Pikine";"1";"3";"PIKINE OUEST";"";"776145074";"Fatoumbodj99@yahoo.fr";"";"1";"Restauration Couture  Coiffure";"BEP ; CAP ; CPS";"";"";"";"DCIM/JPEG_20260114104440782.jpg";"Fusion_final";"14.746848895211357";"-17.403420009537186";"2026-09-05T12:00:38.679Z";"2026-09-05T12:00:38.679Z";"geomatquecedt@gmail.com";"geomatquecedt@gmail.com";"publie";"false"
"90";"Ecole Supérieure de Génie Industriel et Biologique (ESGIB) Sup";"Ecole Supérieure de Génie Industriel et Biologique (ESGIB) Sup";"";"1";"OUAKAM";"";"";"";"https://esgib-edudakar.net/";"";"";"";"";"";"";"";"Fusion_final";"14.71786511878444";"-17.47761582876186";"2026-09-05T12:00:38.679Z";"2026-09-05T12:00:38.679Z";"geomatquecedt@gmail.com";"geomatquecedt@gmail.com";"publie";"false"
"91";"IFHO - Institut de Formation Hôtelière de Ouakam";"IFHO - Institut de Formation Hôtelière de Ouakam";"1";"1";"OUAKAM";"";"773242583";"contactifhouakam2021@gmail.com";"";"1";"Cuisinier ,patiserie, agent d'accueil";"BEP ; CAP ; DEP ; CPS";"";"";"";"";"Fusion_final";"14.72265498791946";"-17.481794941116362";"2026-09-05T12:00:38.679Z";"2026-09-05T12:00:38.679Z";"geomatquecedt@gmail.com";"geomatquecedt@gmail.com";"publie";"false"
"92";"Ecole Supérieure de Génie Industriel et Biologique (ESGIB)";"Ecole Supérieure de Génie Industriel et Biologique (ESGIB)";"";"1";"OUAKAM";"";"";"";"";"";"";"";"";"";"";"C:\Users\DELL\Downloads\Ecole Supérieure de Génie Industriel et Biologique (ESGIB) Sup.jpeg";"Fusion_final";"14.71834418950589";"-17.47192007562907";"2026-09-05T12:00:38.679Z";"2026-09-05T12:00:38.679Z";"geomatquecedt@gmail.com";"geomatquecedt@gmail.com";"publie";"false"
"93";"Centre de formation aida couture";"Centre de formation aida couture";"enseignement professionel";"Fonctionnelle";"Rufisque_est";"";"";"";"";"COUTURE,STYLISME ; enseignement professionel";"";"";"2010";"LE centre  de formation aida couture a eu des nouveau proprietaire en 2010 mais a ete cree en 1988 mais n'on eu leur autorisation d'enseigner qu'en 2025";"";"";"Fusion_final";"14.713911990918316";"-17.27281073418554";"2026-09-05T12:00:38.679Z";"2026-09-05T12:00:38.679Z";"geomatquecedt@gmail.com";"geomatquecedt@gmail.com";"publie";"false"
"94";"Centre de formation professionnelle de rufisque";"Centre de formation professionnelle de rufisque";"enseignement professionel";"Fonctionnelle";"Rufisque_est";"";"";"";"";"restauration,habillement,couture,coiffure ; enseignement professionel";"";"";"1973";"Le centre de formation professionnelle de rufisque a ete cree en 2002 fournissant des formation d'apprentissage rapide en fornissant des diplomes d'etat qui permettent l'insertion rapide dans le travail";"";"";"Fusion_final";"14.715596025196488";"-17.273881503949337";"2026-09-05T12:00:38.679Z";"2026-09-05T12:00:38.679Z";"geomatquecedt@gmail.com";"geomatquecedt@gmail.com";"publie";"false"
"95";"Groupe EDICOM";"Groupe EDICOM";"enseignement professionel";"Fonctionnelle";"Rufisque_est";"";"";"";"";"Gestion/Administration (comptabilité, RH, logistique, marketing, banque, assurance), Génie Informatique (réseaux, maintenance, infographie, webmaster, caméra/montage), Industrie (électricité, mécanique, BTP) et Hôtellerie/Restauration/Tourisme ; enseignement professionel";"";"";"2002";"LE groupe edicom est un tres grand etablissement cree en 2002 il propose des formation professionnelle dans quetre departement principeaux viseant l'insertion professionnelle";"";"";"Fusion_final";"14.717398638332948";"-17.27426978477063";"2026-09-05T12:00:38.679Z";"2026-09-05T12:00:38.679Z";"geomatquecedt@gmail.com";"geomatquecedt@gmail.com";"publie";"false"
"96";"institut supérieur et professionnel de l’emploi";"institut supérieur et professionnel de l’emploi";"enseignement professionel";"Fonctionnelle";"Rufisque_est";"";"";"";"";"BT ET BTS en genie civil ; enseignement professionel";"";"";"2018";"L'institut superieur et professionnel de l'emploi est un nouveau etablissement cree juste avant la covid avec des formation en bt bts cap en genie civil agree par le ministre de l'enseignement superieur";"";"";"Fusion_final";"14.71305598542436";"-17.271544706861157";"2026-09-05T12:00:38.679Z";"2026-09-05T12:00:38.679Z";"geomatquecedt@gmail.com";"geomatquecedt@gmail.com";"publie";"false"
"97";"ESEBAT Keur massar";"ESEBAT Keur massar";"2";"1";"Keur Massar";"";"3385690177";"Esebat@esebat.com/www.esebat.com";"";"2";"Génie civil, électro technice ,géomètre topographe, geomatique électromécanique système automatisé, architecture désigné intérieur ...";"BT ; BTS ; Licence 3";"2025-12-01";"";"";"";"Fusion_final";"14.780381332306346";"-17.319057870174916";"2026-09-05T12:00:38.679Z";"2026-09-05T12:00:38.679Z";"geomatquecedt@gmail.com";"geomatquecedt@gmail.com";"publie";"false"
"98";"Complexe Mawa";"Complexe Mawa";"";"1";"KEUR MASSAR";"";"771693218";"info@complexemawa.com";"";"";"Couture, coiffure, restauration, comptabilité ...";"Dqp ; CAP";"2012-01-25";"";"";"";"Fusion_final";"14.786988055456947";"-17.342147519896677";"2026-09-05T12:00:38.679Z";"2026-09-05T12:00:38.679Z";"geomatquecedt@gmail.com";"geomatquecedt@gmail.com";"publie";"false"
"99";"Ipg isti keur massar";"Ipg isti keur massar";"1";"1";"KEUR MASSAR";"";"338308580";"ipgiistikm@gmail.com";"";"1";"Comptabilité gestion, commerce international, électricité d'installation, administration système réseau et maintenance, transport et logistique, ressources humaines, électro industrielle, informatique industrielle ...";"BTS/DTS, licences , Diplôme d'ingénieur de conception, Masters";"1981-01-18";"";"";"";"Fusion_final";"14.786563913993305";"-17.287564545249516";"2026-09-05T12:00:38.679Z";"2026-09-05T12:00:38.679Z";"geomatquecedt@gmail.com";"geomatquecedt@gmail.com";"publie";"false"